Model,Macro_F1 (Test),Accuracy (Test)
SVM (Linear),0.9359119539983503,0.9250826294528094
SVM (RBF),0.9417985642557273,0.9316929856775615
SVM (Poly),0.942576479481673,0.9320602276900477
Decision Tree,0.9221397411519903,0.9092912229159016
"Decision Tree max_depth=None, max_leaf_nodes=None, min_samples_split=2, ccp_alpha=0.00041",0.9226223579315718,0.9096584649283878
"Decision Tree max_depth=None, max_leaf_nodes=80, min_samples_split=8, ccp_alpha=0",0.9213922141322135,0.9085567388909291
"Decision Tree max_depth=None, max_leaf_nodes=82, min_samples_split=8, ccp_alpha=0.0",0.9208569570419999,0.9078222548659567
"Decision Tree max_depth=None, max_leaf_nodes=None, min_samples_split=2, ccp_alpha=0.0004",0.9226223579315718,0.9096584649283878
