Model,Macro_F1 (Test),Macro_F1 (Train),Accuracy (Test)
SVM (Linear),0.9351041196854631,0.9351550731596443,0.9243481454278369
SVM (RBF),0.9417985642557273,0.9505091128841903,0.9316929856775615
SVM (Poly),0.942576479481673,0.9480471446675771,0.9320602276900477
Decision Tree,0.9226223579315718,0.9483857316574147,0.9096584649283878
