Model,Macro_F1 (Test),Accuracy (Test)
SVM (Linear),0.9359119539983503,0.9250826294528094
SVM (RBF),0.9417985642557273,0.9316929856775615
SVM (Poly),0.942576479481673,0.9320602276900477
Decision Tree,0.9221397411519903,0.9092912229159016