Model,Macro_F1 (Test),Accuracy (Test)
SVM (Linear) C=80,0.9351041196854631,0.9243481454278369
"SVM (RBF) C=10, gamma=scale",0.9417641775675089,0.9313257436650753
"SVM (Poly) C=3, degree=3, gamma=scale, coef0=1",0.942576479481673,0.9320602276900477
SVM (Linear) C=86,0.9359119539983503,0.9250826294528094
"SVM (RBF) C=16, gamma=scale",0.9417985642557273,0.9316929856775615
"SVM (Poly) C=3, degree=3, gamma=scale, coef0=1",0.942576479481673,0.9320602276900477
"Decision Tree max_depth=None, max_leaf_nodes=None, min_samples_split=2, ccp_alpha=0.0005",0.9205651506529955,0.9085567388909291
"Decision Tree max_depth=None, max_leaf_nodes=None, min_samples_split=9, ccp_alpha=0.0004",0.9221397411519903,0.9092912229159016